company,title,link
㈜칸테크,JAVA / SPRING / PYTHON 개발자 (신입/경력),https://www.saramin.co.kr/zf_user/jobs/relay/view?rec_idx=53292163
(주)퀸텟시스템즈,[정규직] AI 개발자 (Python 개발),https://www.saramin.co.kr/zf_user/jobs/relay/view?rec_idx=53290985
(주)코레이즈홀딩스,[코레이즈]  Python (Flask) 웹 개발자 채용 (신입),https://www.saramin.co.kr/zf_user/jobs/relay/view?rec_idx=53347634
플러거,마켓빌리 JAVA / DBA / TA / AA / PYTHON Recruitment,https://www.saramin.co.kr/zf_user/jobs/relay/view?rec_idx=53278768
(주)마크클라우드,"AI 개발(Python), 데이터분석 및 사업 기획 인턴 모집",https://www.saramin.co.kr/zf_user/jobs/relay/view?rec_idx=53172234
엘앤비,[엘앤비] 사무보조 아르바이트 모집 (Python 활용 필수),https://www.saramin.co.kr/zf_user/jobs/relay/view?rec_idx=53448414
오아(주),"[오아/코스닥 상장] 서비스 개발(Back-end, python)",https://www.saramin.co.kr/zf_user/jobs/relay/view?rec_idx=53423441
비앤에프테크놀로지(주),"[시차출퇴근제] SW 엔지니어 모집 (C/C++,C#, Python)",https://www.saramin.co.kr/zf_user/jobs/relay/view?rec_idx=53473036
(주)니트머스,"[경력2~3년] 온라인 광고 플랫폼 개발 (Python, Django)",https://www.saramin.co.kr/zf_user/jobs/relay/view?rec_idx=53279032
(주)이수시스템,[이수시스템] Python 개발자 채용,https://www.saramin.co.kr/zf_user/jobs/relay/view?rec_idx=53544986
(주)링크제니시스,차량용 S/W Test 자동화 검증(Python),https://www.saramin.co.kr/zf_user/jobs/relay/view?rec_idx=53278366
위드로봇(주),위드로봇(주) Python 개발자 채용,https://www.saramin.co.kr/zf_user/jobs/relay/view?rec_idx=53249727
(주)모디엠,[Python 기반] 내비게이션 테스트 자동화 스크립트 개발,https://www.saramin.co.kr/zf_user/jobs/relay/view?rec_idx=53421199
(주)플란랩스,[경력]Python/SQL 데이터엔지니어,https://www.saramin.co.kr/zf_user/jobs/relay/view?rec_idx=53527202
(주)제윤,"JAVA/JSP, Python 웹 개발자 채용(파견직)",https://www.saramin.co.kr/zf_user/jobs/relay/view?rec_idx=53477835
(주)코리아휴먼리소시스,판교 반도체 장비기업 Backend SW 개발자 주니어급 채용 Python,https://www.saramin.co.kr/zf_user/jobs/relay/view?rec_idx=53536269
이든컴퍼니(주),이든컴퍼니(주) 드론 제어·센서 개발자 채용 공고(Python/C++),https://www.saramin.co.kr/zf_user/jobs/relay/view?rec_idx=53529450
(주)디어그린,"Python 백엔드 개발자 구인(부분 재택, 파트 가능)",https://www.saramin.co.kr/zf_user/jobs/relay/view?rec_idx=53325077
(주)빅링크에이아이,생성형 AI 빅데이터 마케팅 플랫폼 데이터엔지니어(python)채용.,https://www.saramin.co.kr/zf_user/jobs/relay/view?rec_idx=53161359
부산인터넷방송국,"Java, Python, PHP CMS 웹응용프로그램 개발자 모집",https://www.saramin.co.kr/zf_user/jobs/relay/view?rec_idx=53291799
에이치알포유(주),[ICT 통합서비스대기업] Python(Fast API) 기반 백엔드 개발,https://www.saramin.co.kr/zf_user/jobs/relay/view?rec_idx=53533793
글로벌엠아이지,"Flutter, PHP 또는 Python 2년 이상 실무 개발자",https://www.saramin.co.kr/zf_user/jobs/relay/view?rec_idx=53361181
머크퍼포먼스머티리얼즈(주)서울지점,"[머크] Data Scientist (유관 경력 2년 이상, Python역량, 서울)",https://www.saramin.co.kr/zf_user/jobs/relay/view?rec_idx=53223348
(주)인디제이,인디제이(inDJ AI) - AI/Python 개발자 채용,https://www.saramin.co.kr/zf_user/jobs/relay/view?rec_idx=53416077
(주)케이텍,"프로그램 개발자 모집(Machine Vision, AI(Python), C, C#, C++)",https://www.saramin.co.kr/zf_user/jobs/relay/view?rec_idx=53416246
(주)키플,"웹 어플리케이션(백엔드, BL, Python) 개발자 채용합니다",https://www.saramin.co.kr/zf_user/jobs/relay/view?rec_idx=53515593
메타로지(주),[백엔드 개발자 채용] AI·3D 디지털트윈 플랫폼 (Python/Java),https://www.saramin.co.kr/zf_user/jobs/relay/view?rec_idx=53484661
(주)투데이게이트,"대구시 동구 혁신도시 공공기관 SW 운영, Python 개발자",https://www.saramin.co.kr/zf_user/jobs/relay/view?rec_idx=53278375
(주)지오스토리,"[지오스토리] Python, 웹 개발자 신입/경력직 채용",https://www.saramin.co.kr/zf_user/jobs/relay/view?rec_idx=53291785
리메세(주),정교하고 실행력 있는 엔지니어 (Python),https://www.saramin.co.kr/zf_user/jobs/relay/view?rec_idx=53509285
(주)슈프리마,[슈프리마] Python 개발자,https://www.saramin.co.kr/zf_user/jobs/relay/view?rec_idx=53514126
㈜아이엔소프트,AX본부 개발자 (Python),https://www.saramin.co.kr/zf_user/jobs/relay/view?rec_idx=53496650
(주)슈프리마,[슈프리마] Python개발자(해외기술지원 AI Chatbot&데이터 운영),https://www.saramin.co.kr/zf_user/jobs/relay/view?rec_idx=53020486
큐브엔시스(주),큐브엔시스(주) Python  AI 모델 외부연계 API 서버 개발 경력,https://www.saramin.co.kr/zf_user/jobs/relay/view?rec_idx=53486538
(주)스파이어테크놀로지,"AI서비스 백엔드/서버 개발자 (JAVA, Python)",https://www.saramin.co.kr/zf_user/jobs/relay/view?rec_idx=53019128
(주)제이케이테크놀로지,임베디드 제어 소프트웨어 개발자 (Python / Raspberry Pi CM4),https://www.saramin.co.kr/zf_user/jobs/relay/view?rec_idx=53291560
(주)큐피스트,백엔드 개발자 (Python),https://www.saramin.co.kr/zf_user/jobs/relay/view?rec_idx=51962314
(주)아주화장품,화장품 스마트팩토리의 '두뇌'를 설계할 Python php 개발자,https://www.saramin.co.kr/zf_user/jobs/relay/view?rec_idx=53296001
(주)제이투이,[Python SI 의왕] 데이터포털 고도화 -5월투입  (1),https://www.saramin.co.kr/zf_user/jobs/relay/view?rec_idx=53438486
(주)제이투이,[PYTHON SI 잠실] 대기업 마트앱 AI 관련 클라우드 이관 (4월투,https://www.saramin.co.kr/zf_user/jobs/relay/view?rec_idx=53470978
